Dougherty,Antwan,ADougherty556PHI-FR
Knox,Patrick,PKnoxX539ART-SR
Parrish,Shane,SParrish474GER-SO
Kerr,Jerome,JKerrX130JOU-SR
Foley,Adriel,AFoley752AVI-JR
Wagner,Seamus,SWagner837ELE-SR
Hobbs,Ashton,AHobbs844URB-FR
Petty,Evie,EPetty205PUB-SO
Myers,Leandro,LMyers183COU-SR
Roberts,Julia,JRoberts830LIB-FR
Brandt,Lukas,LBrandt112MED-FR
Livingston,Alani,ALivingston006URB-SO
Peterson,Jamiya,JPeterson639MED-JR
Roy,Kirsten,KRoyXX825MAN-FR
Copeland,Johnny,JCopeland583INT-FR
Wong,Amirah,AWongX533CRE-SO
Kline,Luciano,LKline201CYB-SO
Joseph,Lance,LJoseph641BIO-SR
Rangel,Paula,PRangel431NEU-SR
Massey,Jamie,JMassey853MUS-SR
Rubio,Karli,KRubio755EXE-SR
Mcguire,Ellis,EMcguire534CON-JR
Oliver,Madyson,MOliver668SEC-FR
Fry,Serenity,SFryXX411ELE-JR
Leon,Jaliyah,JLeonX981GEO-SO
Guerrero,Parker,PGuerrero247POL-FR
Kemp,Milagros,MKempX897AVI-SR
Garza,Aniya,AGarza601EDU-FR
Roberts,Zoe,ZRoberts528THE-SO
Chan,Ryder,RChanX239COM-SR
Norton,Antonio,ANorton172MUS-SR
Kim,Jazlene,JKimXX224COM-JR
Cox,America,ACoxXX781AVI-SR
Rogers,Colby,CRogers208SOC-SR
Conrad,Stella,SConrad746BIO-SO
Mccullough,Micheal,MMccullough223HEA-SR
Hardy,Kolby,KHardy119MUS-JR
Tapia,Sophia,STapia838CHE-FR
Jacobson,Addison,AJacobson891CON-JR
Terrell,Aimee,ATerrell390EME-FR
Cannon,Abagail,ACannon376AVI-FR
Conrad,Donald,DConrad782MAN-JR
Medina,Tiana,TMedina667EDU-JR
Vasquez,Edwin,EVasquez466SEC-SO
Mcclain,Sofia,SMcclain732PUB-SR
Nash,Braylon,BNashX498INF-FR
Buchanan,Chaya,CBuchanan425FOR-SR
Juarez,Charlize,CJuarez304REL-SR
Yu,Xzavier,XYuXXX036GER-SO
Kent,Timothy,TKentX916JOU-FR
Jones,Bailee,BJones121BIO-SR
Hoover,Elizabeth,EHoover898ENG-FR
Ramos,Jaida,JRamos123AVI-SR
Livingston,Perla,PLivingston240CON-SR
Simpson,Shayna,SSimpson529EME-SO
Dawson,Jan,JDawson556WRI-JR
Huffman,Aryana,AHuffman629MUL-SO
Fernandez,Hillary,HFernandez684WOM-JR
Barnes,Hillary,HBarnes360COM-FR
Parks,Kayla,KParks990ECO-SR
Murphy,Todd,TMurphy455SCH-FR
Kelley,Melissa,MKelley398ARC-SR
Gross,Abbigail,AGross563ATH-SO
Benton,Alina,ABenton825SPE-SO
Klein,Jadon,JKlein317COM-SO
Love,Saul,SLoveX880INF-SO
Galvan,Ingrid,IGalvan204NEU-FR
Logan,Zachery,ZLogan143KIN-FR
Singleton,Rubi,RSingleton219SOC-SO
Esparza,Emiliano,EEsparza346MAN-JR
Salazar,Sierra,SSalazar642COU-FR
Blair,Ashlyn,ABlair906ACC-SR
Barrera,Destiney,DBarrera582COM-JR
Good,Armani,AGoodX042BIO-FR
Mcneil,Maximus,MMcneil765CRE-JR
Peters,Jalen,JPeters543ATH-JR
Preston,Chana,CPreston732INF-SR
Simmons,Asia,ASimmons665MUS-FR
Mccarty,Ronan,RMccarty097BIO-SO
Mitchell,Adrianna,AMitchell124ARC-FR
Evans,Molly,MEvans887HIS-SR
Mcclure,Lilah,LMcclure119SCH-SR
Riddle,Lola,LRiddle430PSY-JR
Novak,Khloe,KNovak114SOC-JR
Harding,Elyse,EHarding535LIT-SR
Clark,Aditya,AClark822MAT-FR
Patterson,Alvin,APatterson967EDU-SR
Benson,Deegan,DBenson951FOR-FR
Mcbride,Aaron,AMcbride611ENG-SR
West,Lilyana,LWestX516ACC-SO
Liu,Connor,CLiuXX936CRI-SO
Camacho,Asher,ACamacho735POL-SO
Hancock,Myles,MHancock239MAT-SO
Cook,Asher,ACookX286GER-SO
Tanner,Cale,CTanner834POL-SO
Hester,Trent,THester168WRI-SO
Romero,Cristofer,CRomero870BLA-SO
Caldwell,Maren,MCaldwell745ACC-SO
Long,Matthew,MLongX733CIV-FR
Booker,Remington,RBooker222THE-JR
